,key,Type,δd,δp,δh,smiles,ID_type,ID
11,2-Ethyl Hexyl Acrylate,Solvent,14.8,4.7,3.4,C=CC(=O)OCC(CC)CCCC,CAS,103-11-7
14,2-Nitropropane,Solvent,16.2,12.1,4.1,CC(C)[N+](=O)[O-],CAS,79-46-9
30,Benzoic Acid,Solvent,17.63,10.1,10.74,O=C(O)c1ccccc1,CAS,65-85-0
32,Benzyl Butyl Phthalate,Solvent,19.0,11.2,3.1,CCCCOC(=O)c1ccccc1C(=O)OCc1ccccc1,CAS,85-68-7
33,Benzyl Methacrylate,Solvent,16.8,4.1,4.1,C=C(C)C(=O)OCc1ccccc1,CAS,2495-37-6
34,Butoxy Ethoxy Propanol,Solvent,15.5,6.5,10.2,CCCCOCC(O)COCC,CAS,39332-55-3
38,Caffeine,Solvent,17.3,13.7,13.4,Cn1c(=O)c2c(ncn2C)n(C)c1=O,CAS,58-08-2
44,Citric Acid,Solvent,16.2,13.5,17.3,O=C(O)CC(O)(CC(=O)O)C(=O)O,CAS,77-92-9
52,Diazepam,Solvent,15.9,13.3,8.6,CN1C(=O)CN=C(c2ccccc2)c2cc(Cl)ccc21,CAS,53320-84-6
54,Diclofenac,Solvent,18.2,12.9,10.6,O=C(O)Cc1ccccc1Nc1c(Cl)cccc1Cl,CAS,15307-86-5
72,Dimethyl Sulfone,Solvent,19.0,19.4,12.3,CS(C)(=O)=O,CAS,67-71-0
73,Dimethyl Sulfoxide,Solvent,18.4,16.4,10.2,CS(C)=O,CAS,67-68-5
83,Ethyl Acrylate,Solvent,15.5,7.1,5.5,C=CC(=O)OCC,CAS,140-88-5
87,Ethylene Cyanohydrin,Solvent,17.2,18.8,17.6,N#CCCO,CAS,109-78-4
100,Formic Acid,Solvent,14.3,11.9,16.6,O=CO,CAS,64-18-6
101,Furan,Solvent,17.8,1.8,5.3,c1ccoc1,CAS,110-00-9
102,Furfuryl Alcohol,Solvent,17.4,7.6,15.1,OCc1ccco1,CAS,98-00-0
105,Glycidyl Methacrylate,Solvent,16.3,8.5,5.7,C=C(C)C(=O)OCC1CO1,CAS,106-91-2
106,Haloperidol,,17.2,9.0,10.8,O=C(CCCN1CCC(O)(c2ccc(Cl)cc2)CC1)c1ccc(F)cc1,,
108,Hexafluorohexanol,Solvent,15.1,4.4,9.9,CCCC(F)(F)C(F)(F)C(O)(F)F,,
109,Hexamethylphosphoramide,Solvent,18.5,8.6,11.3,CN(C)P(=O)(N(C)C)N(C)C,CAS,680-31-9
111,Hydroxyethyl Acrylate,Solvent,16.0,13.2,13.4,C=CC(=O)OCCO,CAS,818-61-1
112,Ibuprofen,Solvent,16.44,6.39,8.89,CC(C)Cc1ccc(C(C)C(=O)O)cc1,CAS,15687-27-1
113,Isoamyl Acetate,Solvent,15.3,3.1,7.0,CC(=O)OCCC(C)C,CAS,123-92-2
114,Isobutyl Acetate,Solvent,15.1,3.7,6.3,CC(=O)OCC(C)C,CAS,110-19-0
118,Lactose,Solvent,17.6,28.7,19.0,OCC1OC(OC2C(CO)OC(O)C(O)C2O)C(O)C(O)C1O,CAS,528-50-7
119,Lauryl Methacrylate,Solvent,14.4,2.2,5.1,C=C(C)C(=O)OCCCCCCCCCCCC,CAS,142-90-5
120,Lorazepam,Solvent,15.9,15.6,13.8,O=C1Nc2ccc(Cl)cc2C(c2ccccc2Cl)=NC1O,CAS,846-49-1
121,Mannitol,Solvent,16.2,24.5,14.6,OC[C@@H](O)[C@@H](O)[C@H](O)[C@H](O)CO,CAS,69-65-8
123,Meloxicam,Solvent,19.2,13.2,5.0,Cc1cnc(NC(O)=C2C(=O)c3ccccc3S(=O)(=O)N2C)s1,CAS,71125-38-7
124,Mesityl Oxide,Solvent,16.4,6.1,6.1,CC(=O)C=C(C)C,CAS,141-79-7
125,Methacrylic Acid,Solvent,15.8,2.8,10.2,C=C(C)C(=O)O,CAS,79-41-4
126,Methacrylonitrile,Solvent,15.8,15.1,5.4,C=C(C)C#N,CAS,126-98-7
129,Methyl Acrylate,Solvent,15.3,6.7,9.4,C=CC(=O)OC,CAS,96-33-3
131,Methyl Ethyl Ketoxime,Solvent,14.7,4.9,7.8,CCC(C)=NO,CAS,96-29-7
132,Methyl Isoamyl Ketone,Solvent,16.0,5.7,4.1,CC(=O)CCC(C)C,CAS,110-12-3
134,Methyl Isobutyl Ketone,Solvent,15.3,6.1,4.1,CC(=O)CC(C)C,CAS,108-10-1
135,Methyl Methacrylate,Solvent,15.8,6.5,5.4,C=C(C)C(=O)OC,CAS,80-62-6
138,"N,N-Dimethyl Acetamide",Solvent,16.8,11.5,10.2,CC(=O)N(C)C,CAS,127-19-5
140,Naproxen,Solvent,17.4,12.1,9.9,COc1ccc2cc(C(C)C(=O)O)ccc2c1,CAS,22204-53-1
142,n-Butyl Acrylate,Solvent,15.6,6.2,4.9,C=CC(=O)OCCCC,CAS,141-32-2
143,Niacinamide,Solvent,20.0,13.1,13.1,NC(=O)c1cccnc1,CAS,98-92-0
144,Niflumic Acid,Solvent,16.8,12.1,11.7,O=C(O)c1cccnc1Nc1cccc(C(F)(F)F)c1,CAS,15768-18-0
145,Nitrobenzene,Solvent,20.0,8.6,4.1,O=[N+]([O-])c1ccccc1,CAS,98-95-3
146,Nitroethane,Solvent,16.0,15.5,4.5,CC[N+](=O)[O-],CAS,79-24-3
147,Nitromethane,Solvent,15.8,18.8,5.1,C[N+](=O)[O-],CAS,75-52-5
150,Oxazepam,,15.6,16.2,13.6,O=C1Nc2ccc(Cl)cc2C(c2ccccc2)=NC1O,CAS,604-75-1
151,p-Aminobenzoic Acid,Solvent,17.3,14.3,14.4,Nc1ccc(C(=O)O)cc1,CAS,150-13-0
153,Phenylbutazone,Solvent,17.5,12.5,10.7,CCCCC1C(=O)N(c2ccccc2)N(c2ccccc2)C1=O,,
154,p-Hydroxybenzoic Acid,Solvent,17.0,14.5,13.8,O=C(O)c1ccc(O)cc1,CAS,99-96-7
155,Pimozide,Solvent,19.3,5.4,11.6,O=c1[nH]c2ccccc2n1C1CCN(CCCC(c2ccc(F)cc2)c2ccc(F)cc2)CC1,CAS,2062-78-4
156,Piroxicam,Solvent,16.8,21.4,6.6,CN1C(=C(O)Nc2ccccn2)C(=O)c2ccccc2S1(=O)=O,CAS,36322-90-4
157,Prazepam,,15.7,12.6,6.8,O=C1CN=C(c2ccccc2)c2cc(Cl)ccc2N1CC1CC1,CAS,2955-38-6
163,Salicylic Acid,Solvent,16.55,12.43,14.62,O=C(O)c1ccccc1O,CAS,69-72-7
164,Sorbitol,Solvent,19.0,10.3,33.5,OC[C@H](O)[C@@H](O)[C@H](O)[C@H](O)CO,CAS,50-70-4
166,Succinic Acid,Solvent,17.9,6.7,15.0,O=C(O)CCC(=O)O,CAS,110-15-6
167,Sucrose,Solvent,17.1,18.5,13.1,OCC1OC(OC2(CO)OC(CO)C(O)C2O)C(O)C(O)C1O,CAS,57-50-1
169,Temazepam,Solvent,21.9,9.8,8.2,CN1C(=O)C(O)N=C(c2ccccc2)c2cc(Cl)ccc21,CAS,846-50-4
172,Tetrahydronaphthalene,Solvent,19.6,2.0,2.9,c1ccc2c(c1)CCCC2,CAS,119-64-2
174,Theophylline,Solvent,16.8,11.3,13.7,Cn1c(=O)[nH]c2nc(O)[nH]c2c1=O,,
177,Tricresyl Phosphate,Solvent,19.0,12.3,4.5,Cc1ccccc1OP(=O)(Oc1ccccc1C)Oc1ccccc1C,CAS,1330-78-5
179,Triethylphosphate,Solvent,16.7,11.4,9.2,CCOP(=O)(OCC)OCC,CAS,78-40-0
180,Trimethoprim,Solvent,14.3,12.7,11.7,COc1cc(Cc2cnc(N)nc2N)cc(OC)c1OC,CAS,738-70-5
181,Trimethylphosphate,Solvent,16.7,15.9,10.2,COP(=O)(OC)OC,CAS,512-56-1
182,Trioctyl Phosphate,Solvent,16.2,5.9,4.2,CCCCCCCCOP(=O)(OCCCCCCCC)OCCCCCCCC,CAS,1806-54-8
183,Tripropylene Glycol Monomethyl Ether,Solvent,15.3,5.5,10.4,COCC(C)OCC(C)OCC(C)O,CAS,30373-82-1
185,Cyclosporine,Solvent,18.83,3.25,14.1,C/C=C/CC(C)C(O)C1C(O)=NC(CC)C(=O)N(C)CC(=O)N(C)C(CC(C)C)C(O)=NC(C(C)C)C(=O)N(C)C(CC(C)C)C(O)=NC(C)C(O)=NC(C)C(=O)N(C)C(CC(C)C)C(=O)N(C)C(CC(C)C)C(=O)N(C)C(C(C)C)C(=O)N1C,,
186,Digitoxine,Solvent,20.73,3.69,17.61,C[C@H]1O[C@@H](O[C@H]2[C@@H](O)C[C@H](O[C@H]3[C@@H](O)C[C@H](O[C@H]4CC[C@]5(C)[C@H]6C[C@@H](O)[C@]7(C)[C@@H](C8=CC(=O)OC8)CC[C@]7(O)[C@@H]6CC[C@@H]5C4)O[C@@H]3C)O[C@@H]2C)C[C@H](O)[C@@H]1O,,
187,Dicoumarol,Solvent,26.25,5.57,17.83,O=C1OC2C=CC=CC2C(O)=C1Cc1c(O)c2ccccc2oc1=O,,
188,Erythromycin,Solvent,18.09,3.35,15.65,CC[C@H]1OC(=O)[C@H](C)[C@@H](O[C@H]2C[C@@](C)(OC)[C@@H](O)[C@H](C)O2)[C@H](C)[C@@H](O[C@@H]2O[C@H](C)C[C@H](N(C)C)[C@H]2O)[C@](C)(O)C[C@@H](C)C(=O)[C@H](C)[C@@H](O)[C@]1(C)O,,
189,Quinidine,Solvent,20.72,5.53,11.97,C=C[C@H]1CN2CC[C@H]1C[C@@H]2[C@@H](O)c1ccnc2ccc(OC)cc12,,
190,Chloramphenicol,Solvent,23.06,9.5,18.68,O=C(N[C@H](CO)[C@H](O)c1ccc([N+](=O)[O-])cc1)C(Cl)Cl,,
191,Propranolol,Solvent,19.57,3.35,11.04,C[C@]12C[C@H](O)[C@H]3[C@@H](CCC4=CC(=O)C=C[C@@]43C)[C@@H]1CC[C@]2(O)C(=O)CO,,
192,Tetracycline,Solvent,24.99,8.53,22.25,CN(C)[C@@H]1C(O)=C(C(N)=O)C(=O)[C@@]2(O)C(O)=C3C(=O)c4c(O)cccc4[C@@](C)(O)[C@H]3C[C@@H]12,,
